Workbook

Sheet Invoices
A1: Invoice ID | B1: Customer Name | C1: Invoice Date | D1: Due Date | E1: Invoice Amount | F1: Amount Paid | G1: Balance | H1: Status | I1: Days Overdue
A2: INV1001 | B2: ABC Manufacturing | C2: 46113 | D2: 46142 | E2: 2500 | F2: 2500 | G2: =Invoices[[#This Row],[Invoice Amount]]-Invoices[[#This Row],[Amount Paid]] -> 0 | H2: =IF(Invoices[[#This Row],[Balance ]]=0,"Paid",IF(TODAY()>Invoices[[#This Row],[Due Date]],"Overdue","Pending")) -> Paid | I2: =IF(Invoices[[#This Row],[Status ]]="Overdue",TODAY()-Invoices[[#This Row],[Due Date]],0) -> 0
A3: INV1002 | B3: Vertex Components | C3: 46117 | D3: 46143 | E3: 4200 | F3: 2000 | G3: =Invoices[[#This Row],[Invoice Amount]]-Invoices[[#This Row],[Amount Paid]] -> 2200 | H3: =IF(Invoices[[#This Row],[Balance ]]=0,"Paid",IF(TODAY()>Invoices[[#This Row],[Due Date]],"Overdue","Pending")) -> Overdue | I3: =IF(Invoices[[#This Row],[Status ]]="Overdue",TODAY()-Invoices[[#This Row],[Due Date]],0) -> 20
A4: INV1003 | B4: Maple Industrial | C4: 46122 | D4: 46152 | E4: 1800 | F4: 0 | G4: =Invoices[[#This Row],[Invoice Amount]]-Invoices[[#This Row],[Amount Paid]] -> 1800 | H4: =IF(Invoices[[#This Row],[Balance ]]=0,"Paid",IF(TODAY()>Invoices[[#This Row],[Due Date]],"Overdue","Pending")) -> Overdue | I4: =IF(Invoices[[#This Row],[Status ]]="Overdue",TODAY()-Invoices[[#This Row],[Due Date]],0) -> 11
A5: INV1004 | B5: NorthStar Supplies | C5: 46124 | D5: 46154 | E5: 3200 | F5: 3200 | G5: =Invoices[[#This Row],[Invoice Amount]]-Invoices[[#This Row],[Amount Paid]] -> 0 | H5: =IF(Invoices[[#This Row],[Balance ]]=0,"Paid",IF(TODAY()>Invoices[[#This Row],[Due Date]],"Overdue","Pending")) -> Paid | I5: =IF(Invoices[[#This Row],[Status ]]="Overdue",TODAY()-Invoices[[#This Row],[Due Date]],0) -> 0
A6: INV1005 | B6: Titan Equipment | C6: 46127 | D6: 46157 | E6: 2750 | F6: 1000 | G6: =Invoices[[#This Row],[Invoice Amount]]-Invoices[[#This Row],[Amount Paid]] -> 1750 | H6: =IF(Invoices[[#This Row],[Balance ]]=0,"Paid",IF(TODAY()>Invoices[[#This Row],[Due Date]],"Overdue","Pending")) -> Overdue | I6: =IF(Invoices[[#This Row],[Status ]]="Overdue",TODAY()-Invoices[[#This Row],[Due Date]],0) -> 6
A7: INV1006 | B7: Prime Logistics | C7: 46130 | D7: 46160 | E7: 3900 | F7: 3900 | G7: =Invoices[[#This Row],[Invoice Amount]]-Invoices[[#This Row],[Amount Paid]] -> 0 | H7: =IF(Invoices[[#This Row],[Balance ]]=0,"Paid",IF(TODAY()>Invoices[[#This Row],[Due Date]],"Overdue","Pending")) -> Paid | I7: =IF(Invoices[[#This Row],[Status ]]="Overdue",TODAY()-Invoices[[#This Row],[Due Date]],0) -> 0
A8: INV1007 | B8: Horizon Metals | C8: 46132 | D8: 46162 | E8: 4600 | F8: 1500 | G8: =Invoices[[#This Row],[Invoice Amount]]-Invoices[[#This Row],[Amount Paid]] -> 3100 | H8: =IF(Invoices[[#This Row],[Balance ]]=0,"Paid",IF(TODAY()>Invoices[[#This Row],[Due Date]],"Overdue","Pending")) -> Overdue | I8: =IF(Invoices[[#This Row],[Status ]]="Overdue",TODAY()-Invoices[[#This Row],[Due Date]],0) -> 1
A9: INV1008 | B9: Delta Components | C9: 46134 | D9: 46164 | E9: 2100 | F9: 2100 | G9: =Invoices[[#This Row],[Invoice Amount]]-Invoices[[#This Row],[Amount Paid]] -> 0 | H9: =IF(Invoices[[#This Row],[Balance ]]=0,"Paid",IF(TODAY()>Invoices[[#This Row],[Due Date]],"Overdue","Pending")) -> Paid | I9: =IF(Invoices[[#This Row],[Status ]]="Overdue",TODAY()-Invoices[[#This Row],[Due Date]],0) -> 0
A10: INV1009 | B10: Apex Packaging | C10: 46137 | D10: 46167 | E10: 3500 | F10: 0 | G10: =Invoices[[#This Row],[Invoice Amount]]-Invoices[[#This Row],[Amount Paid]] -> 3500 | H10: =IF(Invoices[[#This Row],[Balance ]]=0,"Paid",IF(TODAY()>Invoices[[#This Row],[Due Date]],"Overdue","Pending")) -> Pending | I10: =IF(Invoices[[#This Row],[Status ]]="Overdue",TODAY()-Invoices[[#This Row],[Due Date]],0) -> 0
A11: INV1010 | B11: Sterling Industries | C11: 46140 | D11: 46170 | E11: 5000 | F11: 2500 | G11: =Invoices[[#This Row],[Invoice Amount]]-Invoices[[#This Row],[Amount Paid]] -> 2500 | H11: =IF(Invoices[[#This Row],[Balance ]]=0,"Paid",IF(TODAY()>Invoices[[#This Row],[Due Date]],"Overdue","Pending")) -> Pending | I11: =IF(Invoices[[#This Row],[Status ]]="Overdue",TODAY()-Invoices[[#This Row],[Due Date]],0) -> 0
A12: INV1011 | B12: Orion Manufacturing | C12: 46143 | D12: 46173 | E12: 4100 | F12: 4100 | G12: =Invoices[[#This Row],[Invoice Amount]]-Invoices[[#This Row],[Amount Paid]] -> 0 | H12: =IF(Invoices[[#This Row],[Balance ]]=0,"Paid",IF(TODAY()>Invoices[[#This Row],[Due Date]],"Overdue","Pending")) -> Paid | I12: =IF(Invoices[[#This Row],[Status ]]="Overdue",TODAY()-Invoices[[#This Row],[Due Date]],0) -> 0
A13: INV1012 | B13: Summit Plastics | C13: 46144 | D13: 46174 | E13: 2850 | F13: 1200 | G13: =Invoices[[#This Row],[Invoice Amount]]-Invoices[[#This Row],[Amount Paid]] -> 1650 | H13: =IF(Invoices[[#This Row],[Balance ]]=0,"Paid",IF(TODAY()>Invoices[[#This Row],[Due Date]],"Overdue","Pending")) -> Pending | I13: =IF(Invoices[[#This Row],[Status ]]="Overdue",TODAY()-Invoices[[#This Row],[Due Date]],0) -> 0
... A51: INV1050 | B51: Evergreen Supply | C51: 46183 | D51: 46213 | E51: 3600 | F51: 1000 | G51: =Invoices[[#This Row],[Invoice Amount]]-Invoices[[#This Row],[Amount Paid]] -> 2600 | H51: =IF(Invoices[[#This Row],[Balance ]]=0,"Paid",IF(TODAY()>Invoices[[#This Row],[Due Date]],"Overdue","Pending")) -> Pending | I51: =IF(Invoices[[#This Row],[Status ]]="Overdue",TODAY()-Invoices[[#This Row],[Due Date]],0) -> 0

Sheet Dashboard
A1: Total Outstanding | B1: =Summary!B4 -> 86100 | L1: Total Outstanding: $86,100
A2: Total Paid | B2: =Summary!B3 -> 120000
A3: Overdue Invoices | B3: =Summary!B5 -> 4
A4: Pending Invoices | B4: =Summary!B7 -> 26
A8: Status | B8: Invoices
A9: Paid | B9: =Summary!B6 -> 20
A10: Pending | B10: =Summary!B7 -> 26
A11: Overdue | B11: =Summary!B5 -> 4
A14: Customer Name | B14: Sum of Balance
A15: Elite Industrial | B15: 3200
A16: Omega Components | B16: 3300
A17: Everest Tools | B17: 3300
A18: Infinity Packaging | B18: 3400
A19: Apex Packaging | B19: 3500
A20: NovaTech Solutions | B20: 3600
A21: Quantum Supply Chain | B21: 3600
A22: SilverPeak Industries | B22: 3800
A23: Falcon Parts | B23: 4900
A24: Matrix Logistics | B24: 7250
A25: Grand Total | B25: 39850

Sheet Summary
A1: Total Invoices | B1: =COUNTA(Invoices[Invoice ID]) -> 50
A2: Total Invoice Amount | B2: =SUM(Invoices[Invoice Amount]) -> 206100
A3: Total Amount Paid | B3: =SUM(Invoices[Amount Paid]) -> 120000
A4: Total Outstanding Balance | B4: =SUM(Invoices[[Balance ]]) -> 86100
A5: Overdue Invoices | B5: =COUNTIF(Invoices[[Status ]],"Overdue") -> 4
A6: Paid Invoices | B6: =COUNTIF(Invoices[[Status ]],"Paid") -> 20
A7: Pending Invoices | B7: =COUNTIF(Invoices[[Status ]],"Pending") -> 26
